UMLS CUI [1],UMLS subject label,UMLS Predicate [2],UMLS CUI,UMLS object label,Confidence
C0000889,Acanthosis Nigricans,ISA,C0375489,Other dyschromia,1.00
C0001080,Achondroplasia,ISA,C0029422,Osteochondrodysplasias,1.00
C0001126,Renal tubular acidosis,ISA,C0035091,"Renal Tubular Transport, Inborn Errors",1.00
C0001363,Acute vascular insufficiency of intestine (disorder),ISA,C0021831,Intestinal Diseases,1.00
C0001418,Adenocarcinoma,ISA,C1368683,Epithelioma,1.00
C0001485,Adenovirus infection in conditions classified elsewhere and of unspecified site,ISA,C0012634,Disease,1.00
C0001519,Adie Syndrome,ISA,C0039082,Syndrome,1.00
C0001622,Adrenal Gland Hyperfunction,ISA,C0001614,Adrenal Cortex Diseases,1.00
C0001811,Aging,ASSOCIATED_WITH,C0026769,Multiple Sclerosis,0.94
C0001889,Akinetic Mutism,ISA,C0085584,Encephalopathies,1.00
C0001906,Variola Minor,ISA,C0037354,Smallpox,1.00
C0002016,Aleutian Mink Disease,ISA,C0042769,Virus Diseases,1.00
C0002367,Aluminum,ASSOCIATED_WITH,C0012634,Disease,0.93
C0002395,Alzheimer's Disease,AUGMENTS,C0012634,Disease,0.96
C0002395,Alzheimer's Disease,ISA,C0012634,Disease,0.94
C0002418,Amblyopia,ISA,C0015397,Disorder of eye,1.00
C0002716,Amyloid,AFFECTS,C0012634,Disease,0.79
C0002736,Amyotrophic Lateral Sclerosis,ISA,C0012634,Disease,0.97
C0002736,Amyotrophic Lateral Sclerosis,MANIFESTATION_OF,C0012634,Disease,0.90
C0002766,Pain management,TREATS,C0012634,Disease,1.00
C0002766,Pain management,TREATS__INFER__,C0012634,Disease,1.00
C0002831,Ancylostomiasis,ISA,C0018889,Helminthiasis,1.00
C0002982,Angioid Streaks,ISA,C0035309,Retinal Diseases,1.00
C0002986,Fabry Disease,ISA,C0037899,Sphingolipidoses,1.00
C0002994,Angioedema,ISA,C0037277,"Skin Diseases, Genetic",1.00
C0003469,Anxiety Disorders,ISA,C0012634,Disease,0.93
C0003847,Structure of arteriole,LOCATION_OF,C0012634,Disease,0.85
C0003850,Arteriosclerosis,AFFECTS__SPEC__,C0012634,Disease,0.93
C0003864,Arthritis,ISA,C0029400,Osteitis,1.00
C0003872,"Arthritis, Psoriatic",ISA,C0039082,Syndrome,1.00
C0003950,Ascariasis,ISA,C0018889,Helminthiasis,1.00
C0003952,Ascaridiasis,ISA,C0018889,Helminthiasis,1.00
C0004045,Asphyxia Neonatorum,ISA,C0029582,Other respiratory system diseases,1.00
C0004095,Asthenopia,ISA,C0015397,Disorder of eye,1.00
C0004238,Atrial Fibrillation,ISA,C0029630,Other heart block,1.00
C0004245,Atrioventricular Block,ISA,C0029630,Other heart block,1.00
C0004509,Azoospermia,ISA,C0021364,Male infertility,1.00
C0004608,Retinopathy background,ISA,C0154833,Retinal vascular disorder,1.00
C0004623,Bacterial Infections,ISA,C0001485,Adenovirus infection in conditions classified elsewhere and of unspecified site,1.00
C0004775,Bartter Disease,ISA,C0035091,"Renal Tubular Transport, Inborn Errors",1.00
C0004782,Basal Ganglia Diseases,ISA,C0085584,Encephalopathies,1.00
C0004903,Beckwith-Wiedemann Syndrome,ISA,C0039082,Syndrome,1.00
C0004936,Mental disorders,ISA,C0012634,Disease,1.00
C0005416,Biliary Dyskinesia,ISA,C0016977,Gall Bladder Diseases,1.00
C0005745,Blepharoptosis,ISA,C0015397,Disorder of eye,1.00
C0005750,Blind Loop Syndrome,ISA,C0021831,Intestinal Diseases,1.00
C0006023,Borna Disease,ISA,C0042769,Virus Diseases,1.00
C0006104,Brain,LOCATION_OF,C0012634,Disease,0.95
C0006261,Bronchial Diseases,ISA,C0029581,Other disease of nasal cavity and sinuses,1.00
C0006271,Bronchiolitis,ISA,C0024115,Lung diseases,1.00
C0006430,Burning Mouth Syndrome,ISA,C0026636,Mouth Diseases,1.00
C0006739,Calculus of bile duct without mention of cholecystitis,ISA,C0016977,Gall Bladder Diseases,1.00
C0006897,Capillaria infection,ISA,C0018889,Helminthiasis,1.00
C0007133,"Carcinoma, Papillary",ISA,C1368683,Epithelioma,1.00
C0007137,Squamous cell carcinoma,ISA,C0684333,Malignant neoplasm of ventral surface of tongue,1.00
C0007222,Cardiovascular Diseases,AFFECTS,C0012634,Disease,0.93
C0007222,Cardiovascular Diseases,ISA,C0012634,Disease,0.88
C0007527,Cecal Diseases,ISA,C0021831,Intestinal Diseases,1.00
C0007646,Cellulitis of hand,ISA,C0037277,"Skin Diseases, Genetic",1.00
C0007760,Cerebellar Diseases,ISA,C0085584,Encephalopathies,1.00
C0007761,Myoclonic Cerebellar Dyssynergia,ISA,C1285162,Degenerative disorder,1.00
C0007785,Cerebral Infarction,COEXISTS_WITH,C0012634,Disease,1.00
C0007861,Uterine cervicitis and endocervicitis,ISA,C0007867,Cervix Diseases,1.00
C0007869,Cervix Erosion,ISA,C0007867,Cervix Diseases,1.00
C0007871,Uterine Cervical Incompetence,ISA,C0007867,Cervix Diseases,1.00
C0007971,Cheilitis,ISA,C0007971,Cheilitis,1.00
C0008049,Chickenpox,ISA,C0042769,Virus Diseases,1.00
C0008309,Bile duct adenoma,ISA,C0345913,Extrahepatic Bile Duct Neoplasm,1.00
C0008311,Cholangitis,ISA,C0005395,Bile Duct Diseases,1.00
C0008340,Choledochal Cyst,ISA,C0005395,Bile Duct Diseases,1.00
C0008370,Cholestasis,ISA,C0005395,Bile Duct Diseases,1.00
C0008384,Cholesterol Ester Storage Disease,ISA,C0029591,Other disorders of lipoid metabolism,1.00
C0008512,Chorioretinal scar,ISA,C0035309,Retinal Diseases,1.00
C0008513,Chorioretinitis,ISA,C0015397,Disorder of eye,1.00
C0008928,Cleidocranial Dysplasia,ISA,C0029422,Osteochondrodysplasias,1.00
C0009021,Clonorchiasis,ISA,C0018889,Helminthiasis,1.00
C0009319,Colitis,ISA,C0021390,Inflammatory Bowel Diseases,1.00
C0009363,Congenital ocular coloboma (disorder),ISA,C0015397,Disorder of eye,1.00
C0009373,Colonic Diseases,ISA,C0021831,Intestinal Diseases,1.00
C0009400,Colorado Tick Fever,ISA,C0042769,Virus Diseases,1.00
C0009440,Common Bile Duct Diseases,ISA,C0005395,Bile Duct Diseases,1.00
C0009442,Common Bile Duct Neoplasms,ISA,C0345913,Extrahepatic Bile Duct Neoplasm,1.00
C0009443,Common Cold,ISA,C0029581,Other disease of nasal cavity and sinuses,1.00
C0009450,Communicable Diseases,CAUSES,C0039082,Syndrome,0.87
C0009592,Compression of brain,ISA,C0085584,Encephalopathies,1.00
C0009759,Conjunctival Diseases,ISA,C0015397,Disorder of eye,1.00
C0009765,"Conjunctivitis, Acute Hemorrhagic",ISA,C0042769,Virus Diseases,1.00
C0010034,Corneal Diseases,ISA,C0015397,Disorder of eye,1.00
C0010036,Corneal dystrophy,ISA,C0010034,Corneal Diseases,1.00
C0010037,Corneal edema,ISA,C0010034,Corneal Diseases,1.00
C0010232,Cowpox,ISA,C0042769,Virus Diseases,1.00
C0010278,Craniosynostosis,ISA,C0039093,Congenital abnormal Synostosis,1.00
C0010380,Croup,ISA,C0029582,Other respiratory system diseases,1.00
C0010403,Cryoglobulinemia,ISA,C0021070,Immunoproliferative Disorders,1.00
C0010495,Cutis Laxa,ISA,C0037277,"Skin Diseases, Genetic",1.00
C0010678,Cysticercosis,ISA,C0152073,Taenia saginata infection,1.00
C0011206,Delirium,COEXISTS_WITH,C0004238,Atrial Fibrillation,1.00
C0011206,Delirium,ISA,C0012634,Disease,0.94
C0011226,Hepatitis D Infection,ISA,C0042769,Virus Diseases,1.00
C0011269,"Dementia, Vascular",ISA,C0012634,Disease,0.94
C0011303,Demyelinating Diseases,ISA,C1285162,Degenerative disorder,1.00
C0011311,Dengue Fever,ISA,C0042769,Virus Diseases,1.00
C0011405,Dental Pulp Diseases,ISA,C0040435,Tooth Diseases,1.00
C0011436,Dentinogenesis Imperfecta,ISA,C0040435,Tooth Diseases,1.00
C0011581,Depressive disorder,COEXISTS_WITH,C0012634,Disease,1.00
C0011581,Depressive disorder,ISA,C0012634,Disease,0.94
C0011603,Dermatitis,ISA,C0037277,"Skin Diseases, Genetic",1.00
C0011847,Diabetes,ISA,C0025517,Metabolic Diseases,0.95
C0011860,"Diabetes Mellitus, Non-Insulin-Dependent",AUGMENTS,C0012634,Disease,1.00
C0011884,Diabetic Retinopathy,ISA,C0154833,Retinal vascular disorder,1.00
C0011900,Diagnosis,PREDISPOSES,C0012634,Disease,0.94
C0011993,Vipoma,ISA,C0206754,Neuroendocrine Tumors,1.00
C0012102,Dicrocoeliasis,ISA,C0018889,Helminthiasis,1.00
C0012561,Diphyllobothriasis,ISA,C0018889,Helminthiasis,1.00
C0012813,Diverticulitis,ISA,C0021831,Intestinal Diseases,1.00
C0013030,Dopamine,TREATS,C0012634,Disease,0.94
C0013100,Dracunculiasis,ISA,C0018889,Helminthiasis,1.00
C0013227,Pharmaceutical Preparations,TREATS,C0025517,Metabolic Diseases,1.00
C0013227,Pharmaceutical Preparations,TREATS,C0012634,Disease,0.91
C0013227,Pharmaceutical Preparations,TREATS,C0007682,CNS disorder,1.00
C0013227,Pharmaceutical Preparations,TREATS,C0039082,Syndrome,0.94
C0013264,"Muscular Dystrophy, Duchenne",ISA,C0026850,Muscular Dystrophy,1.00
C0013289,Duodenal Diseases,ISA,C0021831,Intestinal Diseases,1.00
C0013298,Duodenitis,ISA,C0021831,Intestinal Diseases,1.00
C0013369,Dysentery,ISA,C0012242,Digestive System Disorders,1.00
C0013388,"Dyslexia, Acquired",ISA,C0003635,Apraxias,1.00
C0013481,Ebstein Anomaly,ISA,C0264776,Rheumatic tricuspid valve disease,1.00
C0013502,Echinococcosis,ISA,C0018889,Helminthiasis,1.00
C0013514,Echinostomiasis,ISA,C0018889,Helminthiasis,1.00
C0013570,"Ecthyma, Contagious",ISA,C0042769,Virus Diseases,1.00
C0013882,Elephantiasis,ISA,C0024236,Lymphedema,1.00
C0014038,Encephalitis,ISA,C0085584,Encephalopathies,1.00
C0014053,"Encephalitis, California",ISA,C0042769,Virus Diseases,1.00
C0014054,"Encephalitis, Central European",ISA,C0042769,Virus Diseases,1.00
C0014057,Japanese Encephalitis,ISA,C0042769,Virus Diseases,1.00
C0014060,"Encephalitis, St. Louis",ISA,C0042769,Virus Diseases,1.00
C0014068,Encephalomalacia,ISA,C0085584,Encephalopathies,1.00
C0014070,Encephalomyelitis,ISA,C0007682,CNS disorder,1.00
C0014078,Venezuelan equine encephalomyelitis,ISA,C0042769,Virus Diseases,1.00
C0014116,Endocardial Cushion Defects,ISA,C0018816,Heart Septal Defects,1.00
C0014238,Parasitic endophthalmitis,ISA,C0001485,Adenovirus infection in conditions classified elsewhere and of unspecified site,1.00
C0014544,Epilepsy,ISA,C0085584,Encephalopathies,1.00
C0014747,Erythematosquamous dermatosis,ISA,C0037277,"Skin Diseases, Genetic",1.00
C0014852,Esophageal Diseases,ISA,C0012242,Digestive System Disorders,1.00
C0015029,Ethmoid Sinusitis,ISA,C0149512,Acute sinusitis,1.00
C0015230,Exanthema,ISA,C0037277,"Skin Diseases, Genetic",1.00
C0015231,Exanthema Subitum,ISA,C0042769,Virus Diseases,1.00
C0015300,Exophthalmos,ISA,C0015397,Disorder of eye,1.00
C0015397,Disorder of eye,ISA,C0004608,Retinopathy background,1.00
C0015413,Eye Movements,AFFECTS,C0012634,Disease,1.00
C0015456,Facial Dermatoses,ISA,C0037277,"Skin Diseases, Genetic",1.00
C0015652,Fascioliasis,ISA,C0018889,Helminthiasis,1.00
C0015655,Fascioloidiasis,ISA,C0018889,Helminthiasis,1.00
C0015656,Fasciolopsiasis,ISA,C0018889,Helminthiasis,1.00
C0015674,Chronic Fatigue Syndrome,ISA,C0039082,Syndrome,1.00
C0015696,"Fatty Liver, Alcoholic",ISA,C0029591,Other disorders of lipoid metabolism,1.00
C0015773,Felty Syndrome,ISA,C0039082,Syndrome,1.00
C0016085,Filariasis,ISA,C0018889,Helminthiasis,1.00
C0016735,Frontal Sinusitis,ISA,C0149512,Acute sinusitis,1.00
C0016782,Fuchs' heterochromic cyclitis,ISA,C0039082,Syndrome,1.00
C0016788,Fucosidase Deficiency Disease,ISA,C0085078,Lysosomal Storage Diseases,1.00
C0016807,Functional disorder of intestine,ISA,C0021831,Intestinal Diseases,1.00
C0016977,Gall Bladder Diseases,ISA,C0012242,Digestive System Disorders,1.00
C0017083,Gangliosidoses,ISA,C0037899,Sphingolipidoses,1.00
C0017150,Gastrinoma,ISA,C0206754,Neuroendocrine Tumors,1.00
C0017160,Gastroenteritis,ISA,C0012242,Digestive System Disorders,1.00
C0017168,Gastroesophageal reflux disease,ISA,C0012242,Digestive System Disorders,1.00
C0017205,Gaucher Disease,ISA,C0037899,Sphingolipidoses,1.00
C0017337,Genes,ASSOCIATED_WITH,C0012634,Disease,0.94
C0017337,Genes,CAUSES,C0012634,Disease,0.88
C0017337,Genes,TREATS,C0012634,Disease,0.94
C0017409,Herpes Zoster Oticus,ISA,C0042769,Virus Diseases,1.00
C0017428,Genome,ASSOCIATED_WITH,C0012634,Disease,1.00
C0017495,Gerstmann-Straussler-Scheinker Disease,ISA,C0162534,Prion Diseases,1.00
C0017797,Glutamine,CAUSES,C0012634,Disease,0.84
C0017980,"Glycosuria, Renal",ISA,C0035091,"Renal Tubular Transport, Inborn Errors",1.00
C0018013,Gnathostomiasis,ISA,C0018889,Helminthiasis,1.00
C0018522,Hallermann's Syndrome,ISA,C0039082,Syndrome,1.00
C0018523,Hallervorden-Spatz Syndrome,ISA,C1285162,Degenerative disorder,1.00
C0018567,Hand Dermatoses,ISA,C0037277,"Skin Diseases, Genetic",1.00
C0018572,"Hand, Foot and Mouth Disease",ISA,C0042769,Virus Diseases,1.00
C0018789,Heart Aneurysm,ISA,C0018799,Heart Diseases,1.00
C0018798,Congenital Heart Defects,ISA,C0018799,Heart Diseases,1.00
C0018802,Congestive heart failure,ISA,C0018799,Heart Diseases,1.00
C0018817,Atrial Septal Defects,ISA,C0018816,Heart Septal Defects,1.00
C0018818,Ventricular Septal Defects,ISA,C0018816,Heart Septal Defects,1.00
C0019099,"Hemorrhagic Fever, Crimean",ISA,C0042769,Virus Diseases,1.00
C0019101,Hemorrhagic Fever with Renal Syndrome,ISA,C0042769,Virus Diseases,1.00
C0019103,"Hemorrhagic Fever, Omsk",ISA,C0042769,Virus Diseases,1.00
C0019151,Hepatic Encephalopathy,ISA,C0085584,Encephalopathies,1.00
C0019159,Hepatitis A,ISA,C0042769,Virus Diseases,1.00
C0019163,Hepatitis B,ISA,C0042769,Virus Diseases,1.00
C0019196,Hepatitis C,ISA,C0042769,Virus Diseases,1.00
C0019247,Hereditary Diseases,ISA,C0012634,Disease,1.00
C0019296,"Inguinal Hernia, Indirect",ISA,C0021831,Intestinal Diseases,1.00
C0019338,Herpangina,ISA,C0042769,Virus Diseases,1.00
C0019348,Herpes Simplex Infections,ISA,C0042769,Virus Diseases,1.00
C0019360,Herpes zoster disease,ISA,C0042769,Virus Diseases,1.00
C0019537,High Pressure Neurological Syndrome,ISA,C0007682,CNS disorder,1.00
C0019618,Histiocytosis,ISA,C0024228,Lymphatic Diseases,1.00
C0019633,Histocompatibility Testing,DIAGNOSES,C0012634,Disease,1.00
C0019693,HIV Infections,ISA,C0042769,Virus Diseases,1.00
C0019829,Hodgkin Disease,ISA,C0598798,Lymphoid neoplasm,1.00
C0020179,Huntington Disease,ISA,C1285162,Degenerative disorder,1.00
C0020179,Huntington Disease,ISA,C0012634,Disease,0.96
C0020413,Hymenolepiasis,ISA,C0018889,Helminthiasis,1.00
C0020476,Hyperlipoproteinemias,ISA,C0023772,"Lipid Metabolism, Inborn Errors",1.00
C0020497,Cortical Congenital Hyperostosis,ISA,C0029400,Osteitis,1.00
C0020561,Hypertrophic elongation of cervix,ISA,C0007867,Cervix Diseases,1.00
C0020617,Hypoglycemic coma,ISA,C0085584,Encephalopathies,1.00
C0020623,Hypolipoproteinemias,ISA,C0023772,"Lipid Metabolism, Inborn Errors",1.00
C0020655,Hypothalamic Diseases,ISA,C0085584,Encephalopathies,1.00
C0020877,Ileitis,ISA,C0156147,Crohn's disease of large bowel,1.00
C0021053,Immune System Diseases,AFFECTS,C0021390,Inflammatory Bowel Diseases,0.95
C0021171,Bloch Sulzberger syndrome,ISA,C0375489,Other dyschromia,1.00
C0021345,Infectious Mononucleosis,ISA,C0042769,Virus Diseases,1.00
C0021360,Infertility due to extratesticular cause,ISA,C0021364,Male infertility,1.00
C0021368,Inflammation,AFFECTS,C0026769,Multiple Sclerosis,1.00
C0021390,Inflammatory Bowel Diseases,ISA,C0021831,Intestinal Diseases,1.00
C0021400,Influenza,ISA,C0042769,Virus Diseases,1.00
C0021828,Intestinal Atresia,ISA,C0021831,Intestinal Diseases,1.00
C0021830,Intestinal disaccharidase deficiencies and disaccharide malabsorption,ISA,C0021831,Intestinal Diseases,1.00
C0021831,Intestinal Diseases,ISA,C0012242,Digestive System Disorders,1.00
C0021843,Intestinal Obstruction,ISA,C0021831,Intestinal Diseases,1.00
C0021845,Intestinal Perforation,ISA,C0021831,Intestinal Diseases,1.00
C0021874,Intracranial abscess,ISA,C0007682,CNS disorder,1.00
C0022104,Irritable Bowel Syndrome,ISA,C0039082,Syndrome,1.00
C0022283,Incontinentia Pigmenti Achromians,ISA,C0037277,"Skin Diseases, Genetic",1.00
C0022336,Creutzfeldt-Jakob disease,ISA,C0162534,Prion Diseases,1.00
C0022353,Neonatal Jaundice,ISA,C0375489,Other dyschromia,1.00
C0022387,Jervell-Lange Nielsen Syndrome,ISA,C0035828,Romano-Ward Syndrome,1.00
C0022521,Kartagener Syndrome,ISA,C0008780,Ciliary Motility Disorders,1.00
C0022568,Keratitis,ISA,C0010034,Corneal Diseases,1.00
C0022573,Keratoconjunctivitis,ISA,C0015397,Disorder of eye,1.00
C0022578,Keratoconus,ISA,C0010034,Corneal Diseases,1.00
C0022593,Keratosis,ISA,C0037277,"Skin Diseases, Genetic",1.00
C0022610,Kernicterus,ISA,C0085584,Encephalopathies,1.00
C0022739,Klippel-Trenaunay-Weber Syndrome,ISA,C0039082,Syndrome,1.00
C0022802,Kuru,ISA,C0162534,Prion Diseases,1.00
C0022810,Kyasanur Forest Disease,ISA,C0042769,Virus Diseases,1.00
C0022904,Lacrimal Apparatus Diseases,ISA,C0015397,Disorder of eye,1.00
C0022972,Lambert-Eaton Myasthenic Syndrome,ISA,C0751950,Neuromuscular Junction Diseases,1.00
C0023049,"Larva Migrans, Visceral",ISA,C0018889,Helminthiasis,1.00
C0023051,Laryngeal Diseases,ISA,C0029581,Other disease of nasal cavity and sinuses,1.00
C0023092,Lassa Fever,ISA,C0042769,Virus Diseases,1.00
C0023219,Leg Dermatoses,ISA,C0037277,"Skin Diseases, Genetic",1.00
C0023308,Lens Diseases,ISA,C0015397,Disorder of eye,1.00
C0023374,Lesch-Nyhan Syndrome,ISA,C0029595,Other disorders of purine and pyrimidine metabolism,1.00
C0023418,leukemia,ISA,C0376544,Hematopoietic Neoplasms,1.00
C0023487,Acute Promyelocytic Leukemia,ISA,C0023467,"Leukemia, Myelocytic, Acute",1.00
C0023493,Adult T-Cell Lymphoma/Leukemia,ISA,C0023492,"Leukemia, T-Cell",1.00
C0023521,Globoid cell leukodystrophy,ISA,C0037899,Sphingolipidoses,1.00
C0023522,"Leukodystrophy, Metachromatic",ISA,C0037899,Sphingolipidoses,1.00
C0023523,Oral leukoedema,ISA,C0026636,Mouth Diseases,1.00
C0023524,"Leukoencephalopathy, Progressive Multifocal",ISA,C0042769,Virus Diseases,1.00
C0023643,Lichen disease,ISA,C0037277,"Skin Diseases, Genetic",1.00
C0023760,Lip Diseases,ISA,C0026636,Mouth Diseases,1.00
C0023787,Lipodystrophy,ISA,C0037277,"Skin Diseases, Genetic",1.00
C0023788,Whipple Disease,ISA,C0021831,Intestinal Diseases,1.00
C0023795,Lipoid Proteinosis of Urbach and Wiethe,ISA,C0023772,"Lipid Metabolism, Inborn Errors",1.00
C0023801,Lipomatosis,ISA,C0037277,"Skin Diseases, Genetic",1.00
C0023804,"Lipomatosis, Multiple Symmetrical",ISA,C0037277,"Skin Diseases, Genetic",1.00
C0023968,Loiasis,ISA,C0037277,"Skin Diseases, Genetic",1.00
C0024025,Louping Ill,ISA,C0042769,Virus Diseases,1.00
C0024054,Lown-Ganong-Levine Syndrome,ISA,C0039082,Syndrome,1.00
C0024110,Lung Abscess,ISA,C0024115,Lung diseases,1.00
C0024115,Lung diseases,ISA,C0029581,Other disease of nasal cavity and sinuses,1.00
C0024225,Lymphangitis,ISA,C0024228,Lymphatic Diseases,1.00
C0024236,Lymphedema,ISA,C0024228,Lymphatic Diseases,1.00
C0024248,Lymphocele,ISA,C0024228,Lymphatic Diseases,1.00
C0024291,"Lymphohistiocytosis, Hemophagocytic",ISA,C0024228,Lymphatic Diseases,1.00
C0024408,Machado-Joseph Disease,ISA,C0087012,"Ataxia, Spinocerebellar",1.00
C0024441,Macular Holes,ISA,C0035309,Retinal Diseases,1.00
C0024454,Maffucci Syndrome,ISA,C0039082,Syndrome,1.00
C0024748,alpha-Mannosidosis,ISA,C0085078,Lysosomal Storage Diseases,1.00
C0024788,Marburg Virus Disease,ISA,C0042769,Virus Diseases,1.00
C0024904,Mastoiditis,ISA,C0029400,Osteitis,1.00
C0024959,Maxillary Sinusitis,ISA,C0149512,Acute sinusitis,1.00
C0025007,Measles,ISA,C0042769,Virus Diseases,1.00
C0025048,Meconium Aspiration Syndrome,ISA,C0024115,Lung diseases,1.00
C0025235,Melkersson-Rosenthal Syndrome,ISA,C0007971,Cheilitis,1.00
C0025289,Meningitis,ISA,C0007682,CNS disorder,1.00
C0025309,Meningoencephalitis,ISA,C0007682,CNS disorder,1.00
C0025517,Metabolic Diseases,ISA,C0012634,Disease,1.00
C0025517,Metabolic Diseases,ISA,C0012634,Disease,0.90
C0025521,Inborn Errors of Metabolism,ISA,C0025517,Metabolic Diseases,1.00
C0025530,Metagonimiasis,ISA,C0018889,Helminthiasis,1.00
C0025958,Microcephaly,ISA,C0158538,Other congenital anomalies of nervous system,1.00
C0026010,Microphthalmos,ISA,C0015397,Disorder of eye,1.00
C0026069,Middle Lobe Syndrome,ISA,C0024115,Lung diseases,1.00
C0026143,Milker's Nodes,ISA,C0042769,Virus Diseases,1.00
C0026237,Mitochondria,LOCATION_OF,C0012634,Disease,1.00
C0026393,Molluscum Contagiosum,ISA,C0042769,Virus Diseases,1.00
C0026414,Monieziasis,ISA,C0018889,Helminthiasis,1.00
C0026618,"Dental Fluorosis, Acquired",ISA,C0040435,Tooth Diseases,1.00
C0026636,Mouth Diseases,ISA,C0012242,Digestive System Disorders,1.00
C0026650,Movement Disorders,ISA,C0085584,Encephalopathies,1.00
C0026684,Mucocele of appendix,ISA,C0021831,Intestinal Diseases,1.00
C0026697,Mucolipidoses,ISA,C0085078,Lysosomal Storage Diseases,1.00
C0026703,Mucopolysaccharidoses,ISA,C0085078,Lysosomal Storage Diseases,1.00
C0026760,Multiple Epiphyseal Dysplasia,ISA,C0029422,Osteochondrodysplasias,1.00
C0026769,Multiple Sclerosis,ISA,C0011303,Demyelinating Diseases,1.00
C0026780,Mumps,ISA,C0042769,Virus Diseases,1.00
C0026946,Mycoses,ISA,C0001485,Adenovirus infection in conditions classified elsewhere and of unspecified site,1.00
C0027022,Myeloproliferative disease,ISA,C0376544,Hematopoietic Neoplasms,1.00
C0027126,Myotonic Dystrophy,ISA,C0553604,Myotonic Disorders,1.00
C0027145,Myxedema,ISA,C0020676,Hypothyroidism,1.00
C0027438,Nasopharyngeal Diseases,ISA,C0029581,Other disease of nasal cavity and sinuses,1.00
C0027528,Necatoriasis,ISA,C0018889,Helminthiasis,1.00
C0027538,Necrobiosis Lipoidica,ISA,C0037277,"Skin Diseases, Genetic",1.00
C0027577,Nelson Syndrome,ISA,C0001614,Adrenal Cortex Diseases,1.00
C0027746,Nerve Degeneration,AFFECTS,C0012634,Disease,0.93
C0027746,Nerve Degeneration,COEXISTS_WITH,C0025517,Metabolic Diseases,0.88
C0027746,Nerve Degeneration,ISA,C0012634,Disease,0.89
C0027873,Neuromyelitis Optica,ISA,C0007682,CNS disorder,1.00
C0027877,Neuronal Ceroid-Lipofuscinoses,ISA,C0029591,Other disorders of lipoid metabolism,1.00
C0027881,Neuronitis,ISA,C0007682,CNS disorder,1.00
C0027983,Newcastle Disease,ISA,C0042769,Virus Diseases,1.00
C0028043,Nicotine Dependence,ISA,C0439857,Dependence,1.00
C0028077,Night Blindness,ISA,C0035309,Retinal Diseases,1.00
C0028326,Noonan Syndrome,ISA,C0039082,Syndrome,1.00
C0028432,Nose Diseases,ISA,C0029581,Other disease of nasal cavity and sinuses,1.00
C0028841,Ocular Hypotension,ISA,C0015397,Disorder of eye,1.00
C0028887,Oesophagostomiasis,ISA,C0018889,Helminthiasis,1.00
C0028960,Oligospermia,ISA,C0021364,Male infertility,1.00
C0028968,Olivopontocerebellar Atrophies,ISA,C1285162,Degenerative disorder,1.00
C0029106,Opisthorchiasis,ISA,C0018889,Helminthiasis,1.00
C0029172,Oral Submucous Fibrosis,ISA,C0026636,Mouth Diseases,1.00
C0029376,Juvenile osteochondrosis of tibial tubercle,ISA,C0029400,Osteitis,1.00
C0029411,"Osteoarthropathy, Primary Hypertrophic",ISA,C0039082,Syndrome,1.00
C0029434,Osteogenesis Imperfecta,ISA,C0029422,Osteochondrodysplasias,1.00
C0029436,"Osteolysis, Essential",ISA,C0039082,Syndrome,1.00
C0029485,Other acne,ISA,C0037277,"Skin Diseases, Genetic",1.00
C0029512,Other and unspecified noninfectious gastroenteritis and colitis,ISA,C0009319,Colitis,1.00
C0029581,Other disease of nasal cavity and sinuses,ISA,C0029582,Other respiratory system diseases,1.00
C0029591,Other disorders of lipoid metabolism,ISA,C0085078,Lysosomal Storage Diseases,1.00
C0029630,Other heart block,ISA,C0018799,Heart Diseases,1.00
C0029770,Other specified diseases of hard tissues of teeth,ISA,C0040435,Tooth Diseases,1.00
C0029773,Other specified diseases of the salivary glands,ISA,C0026636,Mouth Diseases,1.00
C0029792,"Other specified drug dependence, unspecified",ISA,C0439857,Dependence,1.00
C0029806,Other specified infantile cerebral palsy,ISA,C0085584,Encephalopathies,1.00
C0029823,Other specified peritonitis,ISA,C0012242,Digestive System Disorders,1.00
C0029827,Other specified schistosomiasis,ISA,C0018889,Helminthiasis,1.00
C0029839,Other specified urticaria,ISA,C0037277,"Skin Diseases, Genetic",1.00
C0029841,Other specified viral exanthemata,ISA,C0015230,Exanthema,1.00
C0029872,Other vitreous opacities,ISA,C0004608,Retinopathy background,1.00
C0030100,Oxyuriasis,ISA,C0018889,Helminthiasis,1.00
C0030360,Papillon-Lefevre Disease,ISA,C0022596,Palmoplantar Keratosis,1.00
C0030372,Phlebotomus Fever,ISA,C0042769,Virus Diseases,1.00
C0030421,Paraganglioma,ISA,C0206754,Neuroendocrine Tumors,1.00
C0030424,Paragonimiasis,ISA,C0018889,Helminthiasis,1.00
C0030481,Tropical Spastic Paraparesis,ISA,C0042769,Virus Diseases,1.00
C0030486,Paraplegia,ISA,C0007682,CNS disorder,1.00
C0030567,Parkinson Disease,ISA,C0012634,Disease,0.97
C0030567,Parkinson Disease,MANIFESTATION_OF,C0162534,Prion Diseases,1.00
C0030569,Secondary Parkinson Disease,ISA,C1285162,Degenerative disorder,1.00
C0030920,Peptic Ulcer,ISA,C0012242,Digestive System Disorders,1.00
C0030956,Peptides,CAUSES,C0012634,Disease,0.88
C0030956,Peptides,DISRUPTS,C0012634,Disease,0.89
C0031090,Periodontal Diseases,ISA,C0040435,Tooth Diseases,1.00
C0031347,Pharyngeal Neoplasms,ISA,C0439857,Dependence,1.00
C0031347,Pharyngeal Neoplasms,ISA,C0685938,Malignant neoplasm of gastrointestinal tract,1.00
C0031351,Pharyngo-Conjunctival Fever,ISA,C0042769,Virus Diseases,1.00
C0031900,Pierre Robin Syndrome,ISA,C0029422,Osteochondrodysplasias,1.00
C0032226,Pleural Diseases,ISA,C0029581,Other disease of nasal cavity and sinuses,1.00
C0032238,"Pleurodynia, Epidemic",ISA,C0042769,Virus Diseases,1.00
C0032266,Pneumatosis Cystoides Intestinalis,ISA,C0021831,Intestinal Diseases,1.00
C0032285,Pneumonia,ISA,C0024115,Lung diseases,1.00
C0032290,Aspiration Pneumonia,ISA,C0004626,"Pneumonia, Bacterial",1.00
C0032298,"Pneumonia, Lipid",ISA,C0032290,Aspiration Pneumonia,1.00
C0032339,Rothmund-Thomson syndrome,ISA,C0037277,"Skin Diseases, Genetic",1.00
C0032371,Poliomyelitis,ISA,C0042769,Virus Diseases,1.00
C0032460,Polycystic Ovary Syndrome,ISA,C0039082,Syndrome,1.00
C0032763,Postgastrectomy Syndromes,ISA,C0021831,Intestinal Diseases,1.00
C0033132,"Cerebellar Degenerations, Primary",ISA,C1285162,Degenerative disorder,1.00
C0033164,Prions,ASSOCIATED_WITH,C0012634,Disease,0.98
C0033164,Prions,CAUSES,C0012634,Disease,0.93
C0033680,Protein-Losing Enteropathies,ISA,C0021831,Intestinal Diseases,1.00
C0033684,Proteins,AFFECTS,C0012634,Disease,1.00
C0033684,Proteins,ASSOCIATED_WITH,C0012634,Disease,0.96
C0033684,Proteins,ASSOCIATED_WITH,C0018889,Helminthiasis,0.94
C0033684,Proteins,CAUSES,C0012634,Disease,0.94
C0033790,Pseudobulbar Palsy,ISA,C0085584,Encephalopathies,1.00
C0033805,Pseudohypoaldosteronism,ISA,C0035091,"Renal Tubular Transport, Inborn Errors",1.00
C0033838,Kimura Disease,ISA,C0037277,"Skin Diseases, Genetic",1.00
C0033860,Psoriasis,ISA,C0037277,"Skin Diseases, Genetic",1.00
C0033999,Pterygium,ISA,C0010034,Corneal Diseases,1.00
C0034050,Pulmonary Alveolar Proteinosis,ISA,C0024115,Lung diseases,1.00
C0034072,Cor pulmonale,ISA,C0018802,Congestive heart failure,1.00
C0034087,Pulmonary valve disorder,ISA,C0079485,Heart Valve Prolapse,1.00
C0034124,Pupil Disorders,ISA,C0015397,Disorder of eye,1.00
C0034372,Quadriplegia,ISA,C0007682,CNS disorder,1.00
C0034494,Rabies (disorder),ISA,C0042769,Virus Diseases,1.00
C0034882,Rectal Diseases,ISA,C0021831,Intestinal Diseases,1.00
C0034951,Refractive Errors,ISA,C0015397,Disorder of eye,1.00
C0034960,Refsum Disease,ISA,C0023772,"Lipid Metabolism, Inborn Errors",1.00
C0035235,Respiratory Syncytial Virus Infections,ISA,C0042769,Virus Diseases,1.00
C0035258,Restless Legs Syndrome,ISA,C0007682,CNS disorder,1.00
C0035304,Retinal Degeneration,ISA,C0035309,Retinal Diseases,1.00
C0035305,Retinal Detachment,ISA,C0035309,Retinal Diseases,1.00
C0035309,Retinal Diseases,ISA,C0015397,Disorder of eye,1.00
C0035333,Retinitis,ISA,C0035309,Retinal Diseases,1.00
C0035344,Retinopathy of Prematurity,ISA,C0035309,Retinal Diseases,1.00
C0035400,Reye Syndrome,ISA,C0039082,Syndrome,1.00
C0035613,Rift Valley Fever,ISA,C0042769,Virus Diseases,1.00
C0035854,Rosacea,ISA,C0037277,"Skin Diseases, Genetic",1.00
C0035920,Rubella,ISA,C0042769,Virus Diseases,1.00
C0036202,Sarcoidosis,ISA,C0021070,Immunoproliferative Disorders,1.00
C0036203,Cutaneous sarcoidosis,ISA,C0037277,"Skin Diseases, Genetic",1.00
C0036221,Mast-Cell Sarcoma,ISA,C0153519,"Malignant neoplasm of connective and other soft tissue, site unspecified",1.00
C0036271,Scalp Dermatoses,ISA,C0037277,"Skin Diseases, Genetic",1.00
C0036412,Scleral Diseases,ISA,C0015397,Disorder of eye,1.00
C0036413,Scleredema Adultorum,ISA,C0037277,"Skin Diseases, Genetic",1.00
C0036457,Scrapie,ISA,C0162534,Prion Diseases,1.00
C0036992,Short Bowel Syndrome,ISA,C0021831,Intestinal Diseases,1.00
C0037120,Silo Filler's Disease,ISA,C0024115,Lung diseases,1.00
C0037275,"Skin Diseases, Vesiculobullous",ISA,C0037277,"Skin Diseases, Genetic",1.00
C0037313,Sleep,ASSOCIATED_WITH,C0035258,Restless Legs Syndrome,1.00
C0037354,Smallpox,ISA,C0042769,Virus Diseases,1.00
C0037661,Somatostatinoma,ISA,C0206754,Neuroendocrine Tumors,1.00
C0037753,Sparganosis,ISA,C0018889,Helminthiasis,1.00
C0037817,Speech,ASSOCIATED_WITH,C0012634,Disease,1.00
C0037886,Sphenoid Sinusitis,ISA,C0149512,Acute sinusitis,1.00
C0037899,Sphingolipidoses,ISA,C0029591,Other disorders of lipoid metabolism,1.00
C0037928,Spinal Cord Diseases,ISA,C0007682,CNS disorder,1.00
C0037997,Splenic Diseases,ISA,C0024228,Lymphatic Diseases,1.00
C0038013,Ankylosing spondylitis,ISA,C0029400,Osteitis,1.00
C0038054,"Sprue, Tropical",ISA,C0021831,Intestinal Diseases,1.00
C0038238,Steatorrhea,ISA,C0021831,Intestinal Diseases,1.00
C0038354,Stomach Diseases,ISA,C0012242,Digestive System Disorders,1.00
C0038362,Stomatitis,ISA,C0026636,Mouth Diseases,1.00
C0038454,Cerebrovascular accident,AFFECTS__SPEC__,C0012634,Disease,0.93
C0038463,Strongyloidiasis,ISA,C0018889,Helminthiasis,1.00
C0038522,Subacute Sclerosing Panencephalitis,ISA,C0042769,Virus Diseases,1.00
C0038531,Subclavian Steal Syndrome,ISA,C0039082,Syndrome,1.00
C0038539,"Empyema, Subdural",ISA,C0007682,CNS disorder,1.00
C0038644,Sudden infant death syndrome,ISA,C0039082,Syndrome,1.00
C0038986,Sweat Gland Diseases,ISA,C0037277,"Skin Diseases, Genetic",1.00
C0039010,Swine Vesicular Disease,MANIFESTATION_OF,C0012634,Disease,0.88
C0039062,Synapses,LOCATION_OF,C0012634,Disease,1.00
C0039075,Syndactyly,ISA,C0039093,Congenital abnormal Synostosis,1.00
C0039082,Syndrome,ISA,C0012634,Disease,1.00
C0039093,Congenital abnormal Synostosis,ISA,C0013393,Dysostoses,1.00
C0039263,Takayasu Arteritis,ISA,C0039082,Syndrome,1.00
C0039516,Tennis Elbow,ISA,C0029400,Osteitis,1.00
C0039726,Thalamic Diseases,ISA,C0085584,Encephalopathies,1.00
C0039743,Thanatophoric Dysplasia,ISA,C0029422,Osteochondrodysplasias,1.00
C0040188,Tic disorder,COEXISTS_WITH,C0039082,Syndrome,0.93
C0040249,White Piedra,ISA,C2980104,Superficial mycosis,1.00
C0040262,Tinea Versicolor,ISA,C2980104,Superficial mycosis,1.00
C0040409,Tongue Diseases,ISA,C0026636,Mouth Diseases,1.00
C0040435,Tooth Diseases,ISA,C0026636,Mouth Diseases,1.00
C0040522,Toxascariasis,ISA,C0018889,Helminthiasis,1.00
C0040580,Tracheal Diseases,ISA,C0029581,Other disease of nasal cavity and sinuses,1.00
C0040583,Tracheal Stenosis,ISA,C0040580,Tracheal Diseases,1.00
C0040896,Trichinellosis,ISA,C0018889,Helminthiasis,1.00
C0040947,Trichostrongyloidiasis,ISA,C0018889,Helminthiasis,1.00
C0040954,Infection by Trichuris trichiura,ISA,C0018889,Helminthiasis,1.00
C0040961,Tricuspid Valve Insufficiency,ISA,C0264776,Rheumatic tricuspid valve disease,1.00
C0040962,Tricuspid Valve Prolapse,ISA,C0264776,Rheumatic tricuspid valve disease,1.00
C0040963,Tricuspid Valve Stenosis,ISA,C0264776,Rheumatic tricuspid valve disease,1.00
C0041328,"Tuberculosis, Renal",ISA,C0041333,"Tuberculosis, Urogenital",1.00
C0041538,Ubiquitin,AFFECTS,C0012634,Disease,0.82
C0042161,Uveal Diseases,ISA,C0015397,Disorder of eye,1.00
C0042214,Vaccinia,ISA,C0042769,Virus Diseases,1.00
C0042548,Plantar wart,ISA,C0042769,Virus Diseases,1.00
C0042769,Virus Diseases,ISA,C0001485,Adenovirus infection in conditions classified elsewhere and of unspecified site,1.00
C0042907,Vitreous Detachment,ISA,C0029872,Other vitreous opacities,1.00
C0043031,Warfarin,TREATS,C0004238,Atrial Fibrillation,0.95
C0043037,Common wart,ISA,C0042769,Virus Diseases,1.00
C0043116,HMN (Hereditary Motor Neuropathy) Proximal Type I,ISA,C0700595,Spinal Muscular Atrophies of Childhood,1.00
C0043121,Wernicke Encephalopathy,ISA,C0085584,Encephalopathies,1.00
C0043124,West Nile Fever,ISA,C0042769,Virus Diseases,1.00
C0043195,Wissler's Syndrome,ISA,C0039082,Syndrome,1.00
C0043208,Wolman Disease,ISA,C0029591,Other disorders of lipoid metabolism,1.00
C0043325,Xanthomatosis,ISA,C0029591,Other disorders of lipoid metabolism,1.00
C0043395,Yellow Fever,ISA,C0042769,Virus Diseases,1.00
C0043459,Zellweger Syndrome,ISA,C0282528,Peroxisomal Disorders,1.00
C0043515,Zollinger-Ellison syndrome,ISA,C0039082,Syndrome,1.00
C0079153,"Hyperkeratosis, Epidermolytic",ISA,C0037277,"Skin Diseases, Genetic",1.00
C0079485,Heart Valve Prolapse,ISA,C0018799,Heart Diseases,1.00
C0079541,Holoprosencephaly,ISA,C0158538,Other congenital anomalies of nervous system,1.00
C0085084,Motor Neuron Disease,ISA,C1285162,Degenerative disorder,1.00
C0085106,Familial benign pemphigus,ISA,C0037277,"Skin Diseases, Genetic",1.00
C0085177,RNA-Binding Proteins,CAUSES,C0012634,Disease,0.82
C0085209,"Encephalopathy, Bovine Spongiform",ISA,C0162534,Prion Diseases,1.00
C0085269,"Plasma Cell Granuloma, Pulmonary",ISA,C0024115,Lung diseases,1.00
C0085293,Hepatitis E,ISA,C0042769,Virus Diseases,1.00
C0085400,Neurofibrillary degeneration (morphologic abnormality),ISA,C0012634,Disease,0.91
C0085404,POEMS Syndrome,ISA,C0021070,Immunoproliferative Disorders,1.00
C0085632,Indifferent mood,ASSOCIATED_WITH,C0039082,Syndrome,0.96
C0085681,Hyperphosphatemia (disorder),ISA,C0031707,Phosphorus Metabolism Disorders,1.00
C0085732,Ability,ASSOCIATED_WITH,C0012634,Disease,0.88
C0086438,Hypogammaglobulinemia,ISA,C0154276,Other selective immunoglobulin deficiencies,1.00
C0086774,Cold paroxysmal hemoglobinuria,ISA,C0019048,Hemoglobinuria,1.00
C0087111,Therapeutic procedure,TREATS,C0012634,Disease,0.86
C0149512,Acute sinusitis,ISA,C0030469,Paranasal Sinus Diseases,1.00
C0149513,Acute tracheitis,ISA,C0040580,Tracheal Diseases,1.00
C0149517,Chronic tonsillitis,ISA,C0029581,Other disease of nasal cavity and sinuses,1.00
C0149530,Congenital heart block,ISA,C0004245,Atrioventricular Block,1.00
C0149825,Hypertrophy of adenoids,ISA,C0029581,Other disease of nasal cavity and sinuses,1.00
C0149931,Migraine Disorders,ISA,C0085584,Encephalopathies,1.00
C0151514,Atrophic condition of skin,ISA,C0037277,"Skin Diseases, Genetic",1.00
C0151686,Growth retardation,COEXISTS_WITH,C0025517,Metabolic Diseases,0.93
C0151740,Intracranial Hypertension,ISA,C0085584,Encephalopathies,1.00
C0152067,Microsporosis nigra,ISA,C2980104,Superficial mycosis,1.00
C0152071,Infection by Heterophyes heterophyes,ISA,C0018889,Helminthiasis,1.00
C0152073,Taenia saginata infection,ISA,C0018889,Helminthiasis,1.00
C0152105,Hypertensive heart disease,ISA,C0018799,Heart Diseases,1.00
C0152115,Lingual-Facial-Buccal Dyskinesia,COEXISTS_WITH,C0039082,Syndrome,0.93
C0152132,Hypertensive Retinopathy,ISA,C0035309,Retinal Diseases,1.00
C0152198,Disorder of accommodation,ISA,C0015397,Disorder of eye,1.00
C0152276,Granulocytic Sarcoma,ISA,C0376544,Hematopoietic Neoplasms,1.00
C0152440,Corneal staphyloma,ISA,C0010034,Corneal Diseases,1.00
C0152445,Hydrops of gallbladder,ISA,C0016977,Gall Bladder Diseases,1.00
C0152456,Cholesterolosis of gallbladder,ISA,C0016977,Gall Bladder Diseases,1.00
C0152793,Tuberculosis of bladder,ISA,C0041333,"Tuberculosis, Urogenital",1.00
C0152800,Tuberculosis of ureter,ISA,C0041333,"Tuberculosis, Urogenital",1.00
C0152814,Tuberculosis of epididymis,ISA,C0041333,"Tuberculosis, Urogenital",1.00
C0152828,Tuberculous oophoritis or salpingitis,ISA,C0041333,"Tuberculosis, Urogenital",1.00
C0153014,Non-arthropod borne lymphocytic choriomeningitis,ISA,C0042769,Virus Diseases,1.00
C0153064,"Encephalomyelitis, Western Equine",ISA,C0042769,Virus Diseases,1.00
C0153065,"Encephalomyelitis, Eastern Equine",ISA,C0042769,Virus Diseases,1.00
C0153066,Murray valley encephalitis,ISA,C0042769,Virus Diseases,1.00
C0153205,Chronic gonococcal seminal vesiculitis,ISA,C0578661,Gonococcal seminal vesiculitis,1.00
C0153249,Black piedra,ISA,C2980104,Superficial mycosis,1.00
C0153390,Malignant neoplasm of posterior wall of oropharynx,ISA,C0031347,Pharyngeal Neoplasms,1.00
C0153423,Malignant tumor of greater curve of stomach,ISA,C0685938,Malignant neoplasm of gastrointestinal tract,1.00
C0153640,Malignant neoplasm of cerebellum,ISA,C0751593,Infratentorial Cancer,1.00
C0153996,"Other benign neoplasm of uterus, unspecified",ISA,C0007867,Cervix Diseases,1.00
C0154157,Postoperative hypothyroidism,ISA,C0020676,Hypothyroidism,1.00
C0154159,Iodine hypothyroidism,ISA,C0020676,Hypothyroidism,1.00
C0154199,Disease of thymus gland,ISA,C0024228,Lymphatic Diseases,1.00
C0154671,Degenerative brain disorder,ISA,C0085584,Encephalopathies,1.00
C0154681,Anterior Horn Cell Disease,ISA,C0026847,Spinal Muscular Atrophy,1.00
C0154775,Ophthalmia nodosa,ISA,C0015397,Disorder of eye,1.00
C0154777,Degenerative disorder of eye,ISA,C0015397,Disorder of eye,1.00
C0154780,Other degenerative disorders of globe,ISA,C0015397,Disorder of eye,1.00
C0154833,Retinal vascular disorder,ISA,C0035309,Retinal Diseases,1.00
C0154834,Retinal Microaneurysm,ISA,C0154833,Retinal vascular disorder,1.00
C0154835,Retinal telangiectasia,ISA,C0154833,Retinal vascular disorder,1.00
C0154874,Neuroretinitis,ISA,C0015397,Disorder of eye,1.00
C0154916,Rubeosis iridis,ISA,C0035309,Retinal Diseases,1.00
C0155012,Generalized visual field contraction or constriction,ISA,C0015397,Disorder of eye,1.00
C0155019,Abnormal dark adaptation curve,ISA,C0028077,Night Blindness,1.00
C0155020,blindness or low vision (non-specific),ISA,C0035309,Retinal Diseases,1.00
C0155108,Argentous corneal deposit,ISA,C0010034,Corneal Diseases,1.00
C0155115,Folds AND/OR rupture of Bowman's membrane,ISA,C0010034,Corneal Diseases,1.00
C0155118,Corneal degeneration,ISA,C0010034,Corneal Diseases,1.00
C0155135,Corneal ectasia,ISA,C0010034,Corneal Diseases,1.00
C0155157,Double pterygium,ISA,C0033999,Pterygium,1.00
C0155211,Hyperpigmentation of Eyelids,ISA,C0375489,Other dyschromia,1.00
C0155212,Hypopigmentation of eyelid,ISA,C0375489,Other dyschromia,1.00
C0155287,Disorder of visual pathways,ISA,C0015397,Disorder of eye,1.00
C0155503,Central Nervous System Origin Vertigo,ISA,C0085584,Encephalopathies,1.00
C0155582,Congestive rheumatic heart failure,ISA,C0018802,Congestive heart failure,1.00
C0155699,Cardiomyopathy in other diseases classified elsewhere,ISA,C0878544,Cardiomyopathies,1.00
C0155702,Left bundle branch hemiblock,ISA,C0029630,Other heart block,1.00
C0155704,Right bundle branch block AND left posterior fascicular block,ISA,C0029630,Other heart block,1.00
C0155814,Acute epiglottitis,ISA,C0029581,Other disease of nasal cavity and sinuses,1.00
C0155817,Acute laryngopharyngitis,ISA,C0029581,Other disease of nasal cavity and sinuses,1.00
C0155824,Chronic pharyngitis and nasopharyngitis,ISA,C0029581,Other disease of nasal cavity and sinuses,1.00
C0155837,Chronic laryngotracheitis,ISA,C0029581,Other disease of nasal cavity and sinuses,1.00
C0155912,Pulmonary Alveolar Microlithiasis,ISA,C0024115,Lung diseases,1.00
C0156147,Crohn's disease of large bowel,ISA,C0021390,Inflammatory Bowel Diseases,1.00
C0156147,Crohn's disease of large bowel,ISA,C0156147,Crohn's disease of large bowel,1.00
C0156164,Diverticulosis of small intestine with hemorrhage,ISA,C0021831,Intestinal Diseases,1.00
C0156214,Obstruction of gallbladder,ISA,C0016977,Gall Bladder Diseases,1.00
C0156347,Endometriosis of intestine,ISA,C0021831,Intestinal Diseases,1.00
C0157738,Chronic skin ulcer,ISA,C0037277,"Skin Diseases, Genetic",1.00
C0157749,Arthropathy associated with infection,ISA,C0029400,Osteitis,1.00
C0158178,Palindromic rheumatism of the shoulder region,ISA,C0039082,Syndrome,1.00
C0158381,Chronic osteomyelitis involving shoulder region,ISA,C0029400,Osteitis,1.00
C0162281,Corneal deposit,ISA,C0010034,Corneal Diseases,1.00
C0162291,Retinal ischemia,ISA,C0035309,Retinal Diseases,1.00
C0162510,Caroli Disease,ISA,C0005395,Bile Duct Diseases,1.00
C0162529,"Colitis, Ischemic",ISA,C0009319,Colitis,1.00
C0162534,Prion Diseases,ISA,C0085584,Encephalopathies,1.00
C0162538,Immunoglobulin A deficiency (disorder),ISA,C0154276,Other selective immunoglobulin deficiencies,1.00
C0162576,Anisakiasis,ISA,C0018889,Helminthiasis,1.00
C0162819,"Skin Diseases, Vascular",ISA,C0037277,"Skin Diseases, Genetic",1.00
C0171484,secretase,ASSOCIATED_WITH,C0012634,Disease,0.93
C0175691,Dubowitz syndrome,ISA,C0039082,Syndrome,1.00
C0175694,Smith-Lemli-Opitz Syndrome,ISA,C0023772,"Lipid Metabolism, Inborn Errors",1.00
C0175699,Saethre-Chotzen Syndrome,ISA,C1510455,Acrocephalosyndactylia,1.00
C0175700,Multiple synostosis syndrome,ISA,C0039093,Congenital abnormal Synostosis,1.00
C0175713,Aicardi's syndrome,ISA,C0039082,Syndrome,1.00
C0175722,Clip,TREATS,C0012634,Disease,0.89
C0178238,Intestinal infectious disease (disorder),ISA,C0021831,Intestinal Diseases,1.00
C0184252,Medical Valves,TREATS,C0162534,Prion Diseases,0.89
C0185125,Application procedure,TREATS,C0012634,Disease,1.00
C0205644,"Carcinoma, Granular Cell",ISA,C1368683,Epithelioma,1.00
C0205710,Alpers Syndrome (disorder),ISA,C0011303,Demyelinating Diseases,1.00
C0205833,Medullomyoblastoma,ISA,C1334410,Localized Primitive Neuroectodermal Tumor,1.00
C0205945,"Sarcoma, Spindle Cell",ISA,C0153519,"Malignant neoplasm of connective and other soft tissue, site unspecified",1.00
C0206042,Fatal Familial Insomnia,ISA,C0162534,Prion Diseases,1.00
C0206062,"Lung Diseases, Interstitial",ISA,C0024115,Lung diseases,1.00
C0206067,Focal Epithelial Hyperplasia,ISA,C0042769,Virus Diseases,1.00
C0206076,Reproductive History,COEXISTS_WITH,C0012634,Disease,0.92
C0206083,"Myelinolysis, Central Pontine",ISA,C0011303,Demyelinating Diseases,1.00
C0206186,"Leukoplakia, Hairy",ISA,C0026636,Mouth Diseases,1.00
C0206685,Acinar Cell Carcinoma,ISA,C1368683,Epithelioma,1.00
C0206695,"Carcinoma, Neuroendocrine",ISA,C1368683,Epithelioma,1.00
C0206704,"Carcinoma, Large Cell",ISA,C1368683,Epithelioma,1.00
C0220658,Pfeiffer Syndrome,ISA,C1510455,Acrocephalosyndactylia,1.00
C0220659,Acrodysostosis,ISA,C0013393,Dysostoses,1.00
C0220687,KBG syndrome,ISA,C0039082,Syndrome,1.00
C0220708,VATER Association,ISA,C0039082,Syndrome,1.00
C0220726,Diastrophic dysplasia,ISA,C0029422,Osteochondrodysplasias,1.00
C0220757,"OSTEOCHONDROSIS DEFORMANS TIBIAE, FAMILIAL INFANTILE TYPE",ISA,C0029422,Osteochondrodysplasias,1.00
C0220775,"RUSSELL-SILVER SYNDROME, X-LINKED",ISA,C0039082,Syndrome,1.00
C0220825,Evaluation,TREATS,C0012634,Disease,0.94
C0221043,Liddle Syndrome,ISA,C0035091,"Renal Tubular Transport, Inborn Errors",1.00
C0221348,Hereditary lymphedema and yellow nails,ISA,C0039082,Syndrome,1.00
C0233715,Speech impairment,COEXISTS_WITH,C0003635,Apraxias,0.94
C0233794,Memory impairment,COEXISTS_WITH,C0012634,Disease,1.00
C0234512,Prosopagnosia,ISA,C0003635,Apraxias,1.00
C0235270,Keratopathy,ISA,C0010034,Corneal Diseases,1.00
C0235946,Cerebral atrophy,AFFECTS,C0026769,Multiple Sclerosis,1.00
C0236018,Aura,PREDISPOSES,C0085584,Encephalopathies,1.00
C0236026,Fetal valproate syndrome,ISA,C0039082,Syndrome,1.00
C0236642,Pick Disease of the Brain,ISA,C1285162,Degenerative disorder,1.00
C0237466,physiological aging,ASSOCIATED_WITH,C0012634,Disease,1.00
C0238067,"Colitis, Collagenous",ISA,C0400821,"Colitis, Microscopic",1.00
C0238198,Gastrointestinal Stromal Tumors,ISA,C0685938,Malignant neoplasm of gastrointestinal tract,1.00
C0238288,"Muscular Dystrophy, Facioscapulohumeral",ISA,C0026850,Muscular Dystrophy,1.00
C0238301,Cancer of Nasopharynx,ISA,C0031347,Pharyngeal Neoplasms,1.00
C0238378,Desquamative interstitial pneumonia,ISA,C0085786,Hamman-Rich syndrome,1.00
C0242310,mu-Chain Disease,ISA,C0021070,Immunoproliferative Disorders,1.00
C0242420,Retinal Edema,ISA,C0035309,Retinal Diseases,1.00
C0242583,Bare Lymphocyte Syndrome,ISA,C0085110,Severe Combined Immunodeficiency,1.00
C0242606,Oxidative Stress,ISA,C0012634,Disease,1.00
C0242656,Disease Progression,AFFECTS,C0026769,Multiple Sclerosis,1.00
C0242656,Disease Progression,COEXISTS_WITH,C0012634,Disease,1.00
C0242656,Disease Progression,COEXISTS_WITH,C0162534,Prion Diseases,1.00
C0242656,Disease Progression,PREDISPOSES,C0012634,Disease,1.00
C0242770,Bronchiolitis Obliterans Organizing Pneumonia,ISA,C0085786,Hamman-Rich syndrome,1.00
C0242852,Proliferative vitreoretinopathy,ISA,C0029872,Other vitreous opacities,1.00
C0242992,Multiple Chemical Sensitivity,ISA,C0039082,Syndrome,1.00
C0243025,Hantavirus Pulmonary Syndrome,ISA,C0042769,Virus Diseases,1.00
C0263859,"Synovitis, Acne, Pustulosis, Hyperostosis, and Osteitis Syndrome",ISA,C0039082,Syndrome,1.00
C0264324,Calcification of trachea,ISA,C0040580,Tracheal Diseases,1.00
C0264490,Acute respiratory failure,ISA,C0024115,Lung diseases,1.00
C0264765,Rheumatic disease of mitral valve,ISA,C0079485,Heart Valve Prolapse,1.00
C0264776,Rheumatic tricuspid valve disease,ISA,C0079485,Heart Valve Prolapse,1.00
C0265205,Robinow Syndrome,ISA,C0039082,Syndrome,1.00
C0265219,Miller Dieker syndrome,ISA,C0039082,Syndrome,1.00
C0265240,Goldenhar Syndrome,ISA,C0039082,Syndrome,1.00
C0265268,Adams Oliver syndrome,ISA,C0039082,Syndrome,1.00
C0265282,Fibrochondrogenesis,ISA,C0029422,Osteochondrodysplasias,1.00
C0265306,Greig cephalopolysyndactyly syndrome,ISA,C1510455,Acrocephalosyndactylia,1.00
C0265308,Baller-Gerold syndrome,ISA,C0039093,Congenital abnormal Synostosis,1.00
C0265965,Dyskeratosis Congenita,ISA,C0037277,"Skin Diseases, Genetic",1.00
C0265985,Mongolian Spot,ISA,C0037277,"Skin Diseases, Genetic",1.00
C0266468,Congenital pontocerebellar hypoplasia,ISA,C1285162,Degenerative disorder,1.00
C0266483,Pachygyria,ISA,C0158538,Other congenital anomalies of nervous system,1.00
C0266568,Persistent Hyperplastic Primary Vitreous,ISA,C0029872,Other vitreous opacities,1.00
C0266573,Congenital ptosis,ISA,C0005745,Blepharoptosis,1.00
C0267367,Angiodysplasia of intestine,ISA,C0021831,Intestinal Diseases,1.00
C0267792,Hepatobiliary disease,ISA,C0012242,Digestive System Disorders,1.00
C0268124,Adenosine deaminase deficiency,ISA,C0085110,Severe Combined Immunodeficiency,1.00
C0268225,Aspartylglucosaminuria,ISA,C0085078,Lysosomal Storage Diseases,1.00
C0268255,Farber Lipogranulomatosis,ISA,C0029591,Other disorders of lipoid metabolism,1.00
C0268314,"Cholestasis-edema syndrome, Norwegian type",ISA,C0039082,Syndrome,1.00
C0268335,Ehlers-Danlos syndrome type 1,ISA,C0013720,Ehlers-Danlos Syndrome,1.00
C0268337,"Ehlers-Danlos syndrome, type 3 (disorder)",ISA,C0013720,Ehlers-Danlos Syndrome,1.00
C0268340,"Ehlers-Danlos syndrome, recessive type 4",ISA,C0013720,Ehlers-Danlos Syndrome,1.00
C0268342,Ehlers-Danlos syndrome type 6,ISA,C0013720,Ehlers-Danlos Syndrome,1.00
C0268380,Systemic amyloidosis,ISA,C0012634,Disease,0.99
C0268419,Acatalasia,ISA,C0282528,Peroxisomal Disorders,1.00
C0268450,Gitelman Syndrome,ISA,C0035091,"Renal Tubular Transport, Inborn Errors",1.00
C0269107,Endometriosis of cervix,ISA,C0007867,Cervix Diseases,1.00
C0269194,Leukoplakia of cervix,ISA,C0007867,Cervix Diseases,1.00
C0270163,"Primary atelectasis, in perinatal period",ISA,C0024115,Lung diseases,1.00
C0270629,Epidural Abscess,ISA,C0007682,CNS disorder,1.00
C0270952,"Muscular Dystrophy, Oculopharyngeal",ISA,C0026850,Muscular Dystrophy,1.00
C0271270,Oculovestibuloauditory syndrome,ISA,C0015397,Disorder of eye,1.00
C0272167,Reticular dysgenesis,ISA,C0085110,Severe Combined Immunodeficiency,1.00
C0272394,Disorder of lymph node,ISA,C0024228,Lymphatic Diseases,1.00
C0276180,Monkeypox,ISA,C0042769,Virus Diseases,1.00
C0276500,Human immunodeficiency virus I infection,CAUSES,C0012634,Disease,0.94
C0276932,Infection by Schistosoma intercalatum,ISA,C0029827,Other specified schistosomiasis,1.00
C0278510,"Medulloblastoma, Childhood",ISA,C1334410,Localized Primitive Neuroectodermal Tumor,1.00
C0278599,childhood infratentorial ependymoma,ISA,C0751593,Infratentorial Cancer,1.00
C0279988,childhood angiosarcoma,ISA,C0854893,Angiosarcoma non-metastatic,1.00
C0281398,phenylbutyrate,TREATS,C0026769,Multiple Sclerosis,1.00
C0282527,Infantile Refsum Disease (disorder),ISA,C0282528,Peroxisomal Disorders,1.00
C0282550,Persian Gulf Syndrome,ISA,C0039082,Syndrome,1.00
C0282687,"Hemorrhagic Fever, Ebola",ISA,C0042769,Virus Diseases,1.00
C0311262,Chronic mesenteric ischemia,ISA,C0021831,Intestinal Diseases,1.00
C0311284,Lipoid dermatoarthritis,ISA,C0039082,Syndrome,1.00
C0333463,Senile Plaques,ISA,C0012634,Disease,0.95
C0334233,Pleomorphic carcinoma,ISA,C1368683,Epithelioma,1.00
C0334239,"Small cell carcinoma, intermediate cell",ISA,C1368683,Epithelioma,1.00
C0334254,Lymphoepithelial carcinoma,ISA,C1368683,Epithelioma,1.00
C0334265,Transitional Cell Neoplasm,ISA,C1368683,Epithelioma,1.00
C0334285,Bile duct cystadenoma,ISA,C0345913,Extrahepatic Bile Duct Neoplasm,1.00
C0334410,"Leydig cell tumor, malignant",ISA,C1515289,Malignant Testicular Sex Cord-Stromal Tumor,1.00
C0334451,Sarcomatosis,ISA,C0153519,"Malignant neoplasm of connective and other soft tissue, site unspecified",1.00
C0334664,Mast Cell Neoplasm,ISA,C0376544,Hematopoietic Neoplasms,1.00
C0334699,Malignant myoepithelioma,ISA,C1368683,Epithelioma,1.00
C0338451,Frontotemporal dementia,CAUSES,C0012634,Disease,0.87
C0338451,Frontotemporal dementia,ISA,C0012634,Disease,0.81
C0338451,Frontotemporal dementia,ISA,C0039082,Syndrome,0.85
C0338451,Frontotemporal dementia,MANIFESTATION_OF,C0012634,Disease,0.94
C0338656,Impaired cognition,CAUSES,C0012634,Disease,0.94
C0338656,Impaired cognition,CAUSES,C0039082,Syndrome,0.94
C0338656,Impaired cognition,COEXISTS_WITH,C0012634,Disease,0.98
C0338656,Impaired cognition,COEXISTS_WITH,C0018799,Heart Diseases,1.00
C0338656,Impaired cognition,ISA,C0012634,Disease,0.93
C0339527,Leber Congenital Amaurosis,ISA,C0035309,Retinal Diseases,1.00
C0340834,Hennekam lymphangiectasia lymphedema syndrome,ISA,C0024228,Lymphatic Diseases,1.00
C0341703,Adult Fanconi syndrome,ISA,C0035091,"Renal Tubular Transport, Inborn Errors",1.00
C0342200,Endemic Cretinism,ISA,C0020676,Hypothyroidism,1.00
C0342488,"Mineralocorticoid Excess Syndrome, Apparent",ISA,C1257809,"Steroid Metabolism, Inborn Errors",1.00
C0342790,Carnitine palmitoyl transferase 2 deficiency,ISA,C0023772,"Lipid Metabolism, Inborn Errors",1.00
C0342853,Sialuria,ISA,C0085078,Lysosomal Storage Diseases,1.00
C0343487,Streptococcal sore throat with scarlatina,ISA,C0029581,Other disease of nasal cavity and sinuses,1.00
C0344530,Congenital keratoglobus,ISA,C0010034,Corneal Diseases,1.00
C0345907,Angiosarcoma of liver,ISA,C0854893,Angiosarcoma non-metastatic,1.00
C0345913,Extrahepatic Bile Duct Neoplasm,ISA,C0854196,Hepatobiliary neoplasm,1.00
C0346627,Intestinal Cancer,ISA,C0685938,Malignant neoplasm of gastrointestinal tract,1.00
C0349639,Juvenile Myelomonocytic Leukemia,ISA,C1301355,Myelodysplastic-Myeloproliferative Diseases,1.00
C0349649,Pulmonary lymphangioleiomyomatosis,ISA,C0024115,Lung diseases,1.00
C0375327,Pneumonia due to anaerobes,ISA,C0032290,Aspiration Pneumonia,1.00
C0375359,Chronic left-sided ulcerative colitis,ISA,C0009319,Colitis,1.00
C0375489,Other dyschromia,ISA,C0037277,"Skin Diseases, Genetic",1.00
C0376378,Posterior Cervical Sympathetic Syndrome,ISA,C0039082,Syndrome,1.00
C0391845,Lysosomal enzyme,ASSOCIATED_WITH,C0085078,Lysosomal Storage Diseases,1.00
C0391845,Lysosomal enzyme,TREATS,C0085078,Lysosomal Storage Diseases,1.00
C0392109,Congenital tracheomalacia,ISA,C0040580,Tracheal Diseases,1.00
C0392470,Anomalous atrioventricular excitation,ISA,C0029630,Other heart block,1.00
C0392550,"Hemiplegia, Infantile",ISA,C0007682,CNS disorder,1.00
C0392553,Hereditary peripheral neuropathy,ISA,C0007959,Charcot-Marie-Tooth Disease,1.00
C0393590,Fahr's syndrome (disorder),ISA,C0004782,Basal Ganglia Diseases,1.00
C0393666,"Multiple Sclerosis, Progressive Relapsing",ISA,C0026769,Multiple Sclerosis,1.00
C0396023,Chronic adenoiditis,ISA,C0029581,Other disease of nasal cavity and sinuses,1.00
C0399352,Developmental absence of tooth,ISA,C0040435,Tooth Diseases,1.00
C0400821,"Colitis, Microscopic",ISA,C0009319,Colitis,1.00
C0400822,"Colitis, Lymphocytic",ISA,C0400821,"Colitis, Microscopic",1.00
C0405580,Adrenal cortical hypofunction,ISA,C0001614,Adrenal Cortex Diseases,1.00
C0406726,Orofaciodigital syndrome 3,ISA,C0029294,Orofaciodigital Syndromes,1.00
C0406727,Orofaciodigital syndrome 4,ISA,C0029294,Orofaciodigital Syndromes,1.00
C0406735,Hypoplastic enamel-onycholysis-hypohidrosis syndrome,ISA,C0039082,Syndrome,1.00
C0406775,Symmetrical dyschromatosis of extremities,ISA,C0375489,Other dyschromia,1.00
C0406811,Reticulate acropigmentation of Kitamura,ISA,C0375489,Other dyschromia,1.00
C0410189,"Muscular Dystrophy, Emery-Dreifuss",ISA,C0026850,Muscular Dystrophy,1.00
C0426980,Motor symptoms,ASSOCIATED_WITH,C0012634,Disease,0.91
C0432198,"Short rib-polydactyly syndrome, Beemer type",ISA,C0039082,Syndrome,1.00
C0432242,Desbuquois syndrome,ISA,C0029422,Osteochondrodysplasias,1.00
C0451306,Mini-mental state examination,DIAGNOSES,C1846431,SMITH-MCCORT DYSPLASIA,0.88
C0473563,Paroxysmal hematoma of the finger,ISA,C0037277,"Skin Diseases, Genetic",1.00
C0474334,Nerve fiber bundle defect,ISA,C0035309,Retinal Diseases,1.00
C0477373,Other forms of migraine,ISA,C0154723,Migraine with Aura,1.00
C0496758,Malignant neoplasm of lateral floor of mouth,ISA,C0685938,Malignant neoplasm of gastrointestinal tract,1.00
C0496770,Malignant neoplasm of posterior wall of hypopharynx,ISA,C0031347,Pharyngeal Neoplasms,1.00
C0496775,Malignant neoplasm of abdominal part of esophagus,ISA,C0685938,Malignant neoplasm of gastrointestinal tract,1.00
C0497327,Dementia,COEXISTS_WITH,C0018799,Heart Diseases,1.00
C0497327,Dementia,ISA,C0012634,Disease,0.94
C0497327,Dementia,ISA,C0039082,Syndrome,0.93
C0497327,Dementia,MANIFESTATION_OF,C0012634,Disease,0.91
C0520459,Necrotizing Enterocolitis,ISA,C0012242,Digestive System Disorders,1.00
C0520716,Pallidopontonigral degeneration,ISA,C0004782,Basal Ganglia Diseases,1.00
C0521421,Entire ear,LOCATION_OF,C0012634,Disease,1.00
C0521421,Entire ear,LOCATION_OF__SPEC__,C0012634,Disease,1.00
C0521785,"Hearing Loss, Unilateral",ISA,C0012634,Disease,1.00
C0524812,Intracranial Hypotension,ISA,C0085584,Encephalopathies,1.00
C0524851,Neurodegenerative Disorders,ISA,C0012634,Disease,0.89
C0524851,Neurodegenerative Disorders,ISA,C0162534,Prion Diseases,0.83
C0524988,Schnitzler Syndrome,ISA,C0021070,Immunoproliferative Disorders,1.00
C0545080,Composite Lymphoma,ISA,C0079731,B-Cell Lymphomas,1.00
C0546996,Cutaneous schistosomiasis,ISA,C0029827,Other specified schistosomiasis,1.00
C0553604,Myotonic Disorders,ISA,C0026850,Muscular Dystrophy,1.00
C0554632,Anogenital human papillomavirus infection,ISA,C0042769,Virus Diseases,1.00
C0574083,3-Methylglutaconic aciduria type 2,ISA,C0023772,"Lipid Metabolism, Inborn Errors",1.00
C0578661,Gonococcal seminal vesiculitis,ISA,C0578661,Gonococcal seminal vesiculitis,1.00
C0598798,Lymphoid neoplasm,ISA,C0376544,Hematopoietic Neoplasms,1.00
C0598801,Diffusion weighted imaging,CAUSES,C0039082,Syndrome,0.90
C0600228,Cardiopulmonary Arrest,ISA,C0018802,Congestive heart failure,1.00
C0600260,"Lung Diseases, Obstructive",ISA,C0024115,Lung diseases,1.00
C0600298,Periodontosis,ISA,C0040435,Tooth Diseases,1.00
C0600688,Toxic effect,CAUSES,C0012634,Disease,0.84
C0678236,Rare Diseases,ISA,C0012634,Disease,0.87
C0679466,Cognitive deficits,ISA,C0012634,Disease,1.00
C0679575,Neuroimaging,CAUSES,C0012634,Disease,0.90
C0685200,Hemangioma of subcutaneous tissue,ISA,C0037277,"Skin Diseases, Genetic",1.00
C0686353,"Muscular Dystrophies, Limb-Girdle",ISA,C0026850,Muscular Dystrophy,1.00
C0695242,Neurogenic Bowel,ISA,C0021831,Intestinal Diseases,1.00
C0699741,Benign congenital myopathy,ISA,C0026850,Muscular Dystrophy,1.00
C0699748,Pathogenesis,COEXISTS_WITH,C0012634,Disease,0.84
C0699748,Pathogenesis,MANIFESTATION_OF,C0012634,Disease,0.93
C0700595,Spinal Muscular Atrophies of Childhood,ISA,C0700595,Spinal Muscular Atrophies of Childhood,1.00
C0700595,Spinal Muscular Atrophies of Childhood,ISA,C0026847,Spinal Muscular Atrophy,1.00
C0701163,Adrenogenital disorder,ISA,C1257809,"Steroid Metabolism, Inborn Errors",1.00
C0725066,Advance,CAUSES,C0012634,Disease,0.90
C0740372,Gastrointestinal lymphoma,ISA,C0685938,Malignant neoplasm of gastrointestinal tract,1.00
C0742115,Cerebritis,ISA,C0085584,Encephalopathies,1.00
C0742343,Acute Chest Syndrome,ISA,C0024115,Lung diseases,1.00
C0750952,Biliary Tract Cancer,ISA,C0685938,Malignant neoplasm of gastrointestinal tract,1.00
C0751072,Frontotemporal Lobar Degeneration,ISA,C0039082,Syndrome,0.92
C0751072,Frontotemporal Lobar Degeneration,MANIFESTATION_OF,C0012634,Disease,0.87
C0751336,Distal Muscular Dystrophies,ISA,C0026850,Muscular Dystrophy,1.00
C0751583,"Encephalitis, West Nile Fever",ISA,C0042769,Virus Diseases,1.00
C0751688,Malignant Squamous Cell Neoplasm,ISA,C1368683,Epithelioma,1.00
C0751782,May-White Syndrome,ISA,C0087012,"Ataxia, Spinocerebellar",1.00
C0751882,"Myasthenic Syndromes, Congenital",ISA,C0751950,Neuromuscular Junction Diseases,1.00
C0751937,Olfactory Nerve Diseases,ISA,C0085584,Encephalopathies,1.00
C0751964,"Multiple Sclerosis, Primary Progressive",ISA,C0026769,Multiple Sclerosis,1.00
C0751965,"Multiple Sclerosis, Secondary Progressive",ISA,C0026769,Multiple Sclerosis,1.00
C0751967,"Multiple Sclerosis, Relapsing-Remitting",ISA,C0026769,Multiple Sclerosis,1.00
C0752191,Neuroschistosomiasis,ISA,C0029827,Other specified schistosomiasis,1.00
C0752207,Familial Dystonia,ISA,C0393593,Dystonia Disorders,1.00
C0752355,Myotonia Fluctuans (disorder),ISA,C0553604,Myotonic Disorders,1.00
C0795833,Kleefstra Syndrome,ISA,C0039082,Syndrome,1.00
C0795953,MASA SYNDROME (disorder),ISA,C0037773,"Spastic Paraplegia, Hereditary",1.00
C0795956,Chylomicron retention disease,ISA,C0023772,"Lipid Metabolism, Inborn Errors",1.00
C0796004,Kabuki make-up syndrome,ISA,C0039082,Syndrome,1.00
C0796094,Blepharophimosis syndrome Ohdo type,ISA,C0039082,Syndrome,1.00
C0796101,Orofaciodigital syndrome 8,ISA,C0029294,Orofaciodigital Syndromes,1.00
C0796102,Orofaciodigital syndrome 9,ISA,C0029294,Orofaciodigital Syndromes,1.00
C0796137,3C syndrome,ISA,C0039082,Syndrome,1.00
C0796147,Acrocallosal Syndrome,ISA,C0039082,Syndrome,1.00
C0805586,Challenge,TREATS,C0039082,Syndrome,0.83
C0812437,Oculo-dento-digital syndrome,ISA,C0039082,Syndrome,1.00
C0854723,Retinal Dystrophies,ISA,C0015397,Disorder of eye,1.00
C0854795,Hepatic neoplasm malignant resectable,ISA,C0685938,Malignant neoplasm of gastrointestinal tract,1.00
C0854893,Angiosarcoma non-metastatic,ISA,C0153519,"Malignant neoplasm of connective and other soft tissue, site unspecified",1.00
C0862030,Precursor B-lymphoblastic lymphoma/leukemia,ISA,C0079731,B-Cell Lymphomas,1.00
C0872070,nucleocytoplasmic transport,AFFECTS,C0012634,Disease,1.00
C0878544,Cardiomyopathies,ISA,C0018799,Heart Diseases,1.00
C0878677,Glycogen Storage Disease Type IIb,ISA,C0085078,Lysosomal Storage Diseases,1.00
C0886296,Nursing interventions,TREATS,C0039082,Syndrome,0.84
C0947622,Cholecystolithiasis,ISA,C0016977,Gall Bladder Diseases,1.00
C0948101,Gastrointestinal tract adenoma,ISA,C0685938,Malignant neoplasm of gastrointestinal tract,1.00
C0949664,Tauopathies,ISA,C1285162,Degenerative disorder,1.00
C0962969,RAD 001,TREATS,C0012634,Disease,0.93
C1101610,MicroRNAs,ASSOCIATED_WITH,C0012634,Disease,0.88
C1112530,"Leukoplakia of oral mucosa, incl tongue",ISA,C0026636,Mouth Diseases,1.00
C1135191,"Heart Failure, Systolic",ISA,C0018802,Congestive heart failure,1.00
C1135196,"Heart Failure, Diastolic",ISA,C0018802,Congestive heart failure,1.00
C1135993,"Wasting Disease, Chronic",ISA,C0162534,Prion Diseases,1.00
C1168173,Cogan-Reese syndrome,ISA,C0015397,Disorder of eye,1.00
C1172248,Kangen-karyu,AFFECTS,C0012634,Disease,0.94
C1175175,Severe Acute Respiratory Syndrome,ISA,C0042769,Virus Diseases,1.00
C1254351,Pharmacologic Substance,TREATS,C0012634,Disease,0.91
C1257809,"Steroid Metabolism, Inborn Errors",ISA,C0023772,"Lipid Metabolism, Inborn Errors",1.00
C1257845,"Enteritis, Pseudomembranous",ISA,C0009319,Colitis,1.00
C1260409,myasthenia gravis without acute exacerbation,ISA,C0751950,Neuromuscular Junction Diseases,1.00
C1260873,Aortic valve disorder,ISA,C0079485,Heart Valve Prolapse,1.00
C1266038,"Papillomatosis, glandular",ISA,C0345913,Extrahepatic Bile Duct Neoplasm,1.00
C1266180,Large cell medulloblastoma,ISA,C1334410,Localized Primitive Neuroectodermal Tumor,1.00
C1273723,Brain region,LOCATION_OF,C0012634,Disease,0.95
C1274216,Punctate palmoplantar keratoderma,ISA,C0022596,Palmoplantar Keratosis,1.00
C1275078,Acrocephalopolysyndactyly type 2,ISA,C1510455,Acrocephalosyndactylia,1.00
C1275668,Melanotic medulloblastoma,ISA,C1334410,Localized Primitive Neuroectodermal Tumor,1.00
C1276997,Antidementia drug,TREATS__INFER__,C0012634,Disease,0.94
C1279481,X-Linked Combined Immunodeficiency Diseases,ISA,C0085110,Severe Combined Immunodeficiency,1.00
C1279945,Acute interstitial pneumonia,ISA,C0085786,Hamman-Rich syndrome,1.00
C1285162,Degenerative disorder,ISA,C0007682,CNS disorder,1.00
C1290344,Nonspecific interstitial pneumonia,ISA,C0085786,Hamman-Rich syndrome,1.00
C1290884,Inflammatory disorder,AFFECTS,C0012634,Disease,0.93
C1301355,Myelodysplastic-Myeloproliferative Diseases,ISA,C0027022,Myeloproliferative disease,1.00
C1306122,Oguchi disease,ISA,C0028077,Night Blindness,1.00
C1306503,Congenital exomphalos,ISA,C0021831,Intestinal Diseases,1.00
C1313885,Hereditary edema of legs,ISA,C0024236,Lymphedema,1.00
C1319466,Barber Say syndrome,ISA,C0039082,Syndrome,1.00
C1321489,Torre-Muir syndrome,ISA,C1333990,Hereditary Nonpolyposis Colorectal Cancer,1.00
C1328840,Autoimmune Lymphoproliferative Syndrome,ISA,C0021070,Immunoproliferative Disorders,1.00
C1332135,Achard syndrome,ISA,C0039082,Syndrome,1.00
C1332166,Adenocarcinoma of the gastroesophageal junction,ISA,C0685938,Malignant neoplasm of gastrointestinal tract,1.00
C1332188,Adult Brain Medulloblastoma,ISA,C1334410,Localized Primitive Neuroectodermal Tumor,1.00
C1332192,Adult Brain Stem Neoplasm,ISA,C0751593,Infratentorial Cancer,1.00
C1332198,Adult Clear Cell Sarcoma of Soft Parts,ISA,C0153519,"Malignant neoplasm of connective and other soft tissue, site unspecified",1.00
C1332206,Adult Lymphoma,ISA,C0598798,Lymphoid neoplasm,1.00
C1332923,Cervicomedullary Junction Neoplasm,ISA,C0751593,Infratentorial Cancer,1.00
C1332979,Childhood Lymphoma,ISA,C0598798,Lymphoid neoplasm,1.00
C1333088,Colonic hamartomatous polyps,ISA,C0021831,Intestinal Diseases,1.00
C1333155,Conventional Angiosarcoma,ISA,C0854893,Angiosarcoma non-metastatic,1.00
C1333292,Diffuse infiltrative lymphocytosis syndrome,ISA,C0039082,Syndrome,1.00
C1333509,lipoma of extrahepatic bile duct,ISA,C0345913,Extrahepatic Bile Duct Neoplasm,1.00
C1333742,Gallbladder Angiosarcoma,ISA,C0854893,Angiosarcoma non-metastatic,1.00
C1333747,benign lipoma of gallbladder,ISA,C0345913,Extrahepatic Bile Duct Neoplasm,1.00
C1333754,Gallbladder Papillomatosis,ISA,C0345913,Extrahepatic Bile Duct Neoplasm,1.00
C1333878,B-cell lymphoma unclassifiable with features intermediate between classical Hodgkin lymphoma and diffuse large B-cell lymphoma,ISA,C0598798,Lymphoid neoplasm,1.00
C1333976,Liver and Intrahepatic Bile Duct Neoplasm,ISA,C0854196,Hepatobiliary neoplasm,1.00
C1334030,Histiocytic and Dendritic Cell Neoplasm,ISA,C0376544,Hematopoietic Neoplasms,1.00
C1334069,Hyperimmunoglobulin Syndrome,ISA,C0154276,Other selective immunoglobulin deficiencies,1.00
C1334410,Localized Primitive Neuroectodermal Tumor,ISA,C0751593,Infratentorial Cancer,1.00
C1334633,Mature B-Cell Neoplasm,ISA,C0079731,B-Cell Lymphomas,1.00
C1334749,Methotrexate-Associated Lymphoproliferative Disorder,ISA,C0598798,Lymphoid neoplasm,1.00
C1334970,"MEDULLOBLASTOMA, WITH EXTENSIVE NODULARITY",ISA,C1334410,Localized Primitive Neuroectodermal Tumor,1.00
C1335437,Plexopathy,ISA,C1285162,Degenerative disorder,1.00
C1335666,Reactive Cutaneous Fibrous Lesion,ISA,C0037277,"Skin Diseases, Genetic",1.00
C1335724,Refractory Hematologic Malignancy,ISA,C0376544,Hematopoietic Neoplasms,1.00
C1335942,Selective Immunoglobulin Isotype Deficiency,ISA,C0154276,Other selective immunoglobulin deficiencies,1.00
C1336530,Superior Vena Cava Angiosarcoma,ISA,C0854893,Angiosarcoma non-metastatic,1.00
C1336579,TBK1 gene,ASSOCIATED_WITH,C0012634,Disease,0.93
C1384583,Congenital absence of germinal epithelium of testes,ISA,C0021364,Male infertility,1.00
C1413336,CEL gene,ASSOCIATED_WITH,C0012634,Disease,0.94
C1413336,CEL gene,TREATS,C0012634,Disease,0.86
C1413769,CSRP3 gene,AFFECTS,C0007682,CNS disorder,0.90
C1414326,EIF2AK3 gene,PREDISPOSES,C0012634,Disease,0.87
C1415311,GRN gene,TREATS,C0012634,Disease,0.94
C1415504,HTT gene,ASSOCIATED_WITH,C0012634,Disease,0.89
C1419339,RENBP gene,ASSOCIATED_WITH,C0012634,Disease,0.98
C1420699,TFEB gene,ASSOCIATED_WITH,C0012634,Disease,0.89
C1421437,VCP gene,ASSOCIATED_WITH,C0012634,Disease,0.89
C1428691,C9orf72 gene,CAUSES,C0012634,Disease,0.82
C1457897,Congenital hypogammaglobulinemia,ISA,C0154276,Other selective immunoglobulin deficiencies,1.00
C1510455,Acrocephalosyndactylia,ISA,C0039093,Congenital abnormal Synostosis,1.00
C1510460,Orofaciodigital Syndrome I,ISA,C0029294,Orofaciodigital Syndromes,1.00
C1512709,Chronic Lymphoproliferative Disorder of NK-Cells,ISA,C0021070,Immunoproliferative Disorders,1.00
C1514428,Primary peritoneal carcinoma,ISA,C0685938,Malignant neoplasm of gastrointestinal tract,1.00
C1515288,Malignant Testicular Leydig Cell Tumor,ISA,C0334410,"Leydig cell tumor, malignant",1.00
C1519315,Signaling Molecule,ASSOCIATED_WITH,C0012634,Disease,0.92
C1519595,Transcript,CAUSES,C0012634,Disease,0.81
C1527226,CRST syndrome,ISA,C0039082,Syndrome,1.00
C1527311,Brain Edema,ISA,C0085584,Encephalopathies,1.00
C1563715,Andersen Syndrome,ISA,C0035828,Romano-Ward Syndrome,1.00
C1608393,Megacystis microcolon intestinal hypoperistalsis syndrome,ISA,C0039082,Syndrome,1.00
C1707291,NUT midline carcinoma,ISA,C1368683,Epithelioma,1.00
C1720861,"Familial Partial Lipodystrophy, Type 3",ISA,C0023787,Lipodystrophy,1.00
C1720864,"Sulfatidosis, Juvenile, Austin Type",ISA,C0037899,Sphingolipidoses,1.00
C1721005,"Leukokeratosis, Hereditary Mucosal",ISA,C0037277,"Skin Diseases, Genetic",1.00
C1800706,Idiopathic Pulmonary Fibrosis,ISA,C0085786,Hamman-Rich syndrome,1.00
C1812609,Variola major,ISA,C0037354,Smallpox,1.00
C1832390,Van Maldergem Wetzburger Verloes syndrome,ISA,C0039082,Syndrome,1.00
C1834339,"Myopathy, Actin, Congenital, with Excess of Thin Myofilaments",ISA,C0039082,Syndrome,1.00
C1835265,"Lymphedema, microcephaly and chorioretinopathy syndrome",ISA,C0039082,Syndrome,1.00
C1836123,Goldberg-Shprintzen megacolon syndrome,ISA,C0039082,Syndrome,1.00
C1838654,Nivelon Nivelon Mabille syndrome,ISA,C0039082,Syndrome,1.00
C1839259,"Bulbo-Spinal Atrophy, X-Linked",ISA,C0026847,Spinal Muscular Atrophy,1.00
C1842073,Prolonged Electroretinal Response Suppression,ISA,C0035309,Retinal Diseases,1.00
C1842687,PONTOCEREBELLAR HYPOPLASIA TYPE 3 (disorder),ISA,C0266468,Congenital pontocerebellar hypoplasia,1.00
C1846431,SMITH-MCCORT DYSPLASIA,ISA,C0029422,Osteochondrodysplasias,1.00
C1848336,Dent disease 1,ISA,C0035091,"Renal Tubular Transport, Inborn Errors",1.00
C1848526,Pontocerebellar Hypoplasia Type 2A,ISA,C0266468,Congenital pontocerebellar hypoplasia,1.00
C1849678,Peroxisomal ACYL-COA oxidase deficiency,ISA,C0282528,Peroxisomal Disorders,1.00
C1849930,Persistent Mullerian duct syndrome,ISA,C0033804,Pseudohermaphroditism,1.00
C1851480,Greither Disease,ISA,C0037277,"Skin Diseases, Genetic",1.00
C1853235,Sclerocornea,ISA,C0010034,Corneal Diseases,1.00
C1856095,Holzgreve Wagner Rehder syndrome,ISA,C0039082,Syndrome,1.00
C1856113,Mowat-Wilson syndrome,ISA,C0039082,Syndrome,1.00
C1856974,PONTOCEREBELLAR HYPOPLASIA TYPE 4 (disorder),ISA,C0266468,Congenital pontocerebellar hypoplasia,1.00
C1857663,Yunis Varon syndrome,ISA,C0039082,Syndrome,1.00
C1857762,"Olivopontocerebellar hypoplasia, fetal-onset",ISA,C0266468,Congenital pontocerebellar hypoplasia,1.00
C1859148,"Chondrodysplasia, blomstrand type",ISA,C0029422,Osteochondrodysplasias,1.00
C1860118,Acrofrontofacionasal dysostosis syndrome,ISA,C0013393,Dysostoses,1.00
C1860224,ABLEPHARON-MACROSTOMIA SYNDROME,ISA,C0039082,Syndrome,1.00
C1861923,Acampomelic Campomelic Dysplasia,ISA,C0029422,Osteochondrodysplasias,1.00
C1863557,Young Simpson syndrome,ISA,C0796094,Blepharophimosis syndrome Ohdo type,1.00
C1863688,"Xanthinuria, Type II",ISA,C0029595,Other disorders of purine and pyrimidine metabolism,1.00
C1864851,"Pigmented Nodular Adrenocortical Disease, Primary, 2",ISA,C0001614,Adrenal Cortex Diseases,1.00
C1866994,Ulnar-mammary syndrome,ISA,C0039082,Syndrome,1.00
C1868118,Orofaciodigital syndrome 5,ISA,C0029294,Orofaciodigital Syndromes,1.00
C1868720,Periventricular Nodular Heterotopia,ISA,C0158538,Other congenital anomalies of nervous system,1.00
C1869122,"EHLERS-DANLOS SYNDROME, PROGEROID FORM",ISA,C0013720,Ehlers-Danlos Syndrome,1.00
C1881134,Image Study,DIAGNOSES,C0012634,Disease,0.92
C1955837,Sudden Unexplained Nocturnal Death Syndrome (SUNDS),ISA,C0029630,Other heart block,1.00
C1959626,Mevalonic Aciduria,ISA,C0282528,Peroxisomal Disorders,1.00
C1969084,Pontocerebellar Hypoplasia Type 6,ISA,C0266468,Congenital pontocerebellar hypoplasia,1.00
C1970431,PITT-HOPKINS SYNDROME,ISA,C0039082,Syndrome,1.00
C2348945,Heat Shock Factor Protein 1,ASSOCIATED_WITH,C0018889,Helminthiasis,0.93
C2350391,Myocardial Scintigraphy,CAUSES,C0018799,Heart Diseases,0.89
C2676465,Pontocerebellar Hypoplasia Type 2C,ISA,C0266468,Congenital pontocerebellar hypoplasia,1.00
C2676466,Pontocerebellar Hypoplasia Type 2B,ISA,C0266468,Congenital pontocerebellar hypoplasia,1.00
C2698328,bapineuzumab,TREATS__INFER__,C0012634,Disease,0.92
C2699746,"Syndactyly, type 2",ISA,C0039075,Syndactyly,1.00
C2713368,Hematopoetic Myelodysplasia,ISA,C0027022,Myeloproliferative disease,1.00
C2748572,SeSAME syndrome,ISA,C0039082,Syndrome,1.00
C2750355,Omodysplasia 2,ISA,C0029422,Osteochondrodysplasias,1.00
C2752048,Orofaciodigital syndrome 11,ISA,C0029294,Orofaciodigital Syndromes,1.00
C2827950,Previous and Current Therapy,TREATS,C0012634,Disease,0.99
C2930796,Primary visual agnosia,ISA,C0003635,Apraxias,1.00
C2930995,Dyschromatosis universalis hereditaria,ISA,C0375489,Other dyschromia,1.00
C2931187,Nephropathic cystinosis,ISA,C0085078,Lysosomal Storage Diseases,1.00
C2931688,Dystrophia myotonica 1,ISA,C0012634,Disease,0.96
C2936502,Familial CHARGE Syndrome,ISA,C0039082,Syndrome,1.00
C2936755,Familial Waldenstrom's Macroglobulinaemia,ISA,C0079731,B-Cell Lymphomas,1.00
C2937300,Congenital hereditary muscular dystrophy,ISA,C0026850,Muscular Dystrophy,1.00
C2940786,Thyroid Hormone Resistance Syndrome,ISA,C0020676,Hypothyroidism,1.00
C2980104,Superficial mycosis,ISA,C0026946,Mycoses,1.00
C3179489,Celsus' Vitiligo,ISA,C0002171,Alopecia Areata,1.00
C3273225,Hereditary Neurodegenerative Disorder,ISA,C0012634,Disease,0.93
C3489627,"Stuttering, Familial Persistent 1",ISA,C0003910,Articulation Disorders,1.00
C3489771,Keratosis Palmaris et Plantaris Familiaris,ISA,C0022596,Palmoplantar Keratosis,1.00
C3495490,Acrorenal Syndrome,ISA,C0039082,Syndrome,1.00
C3495551,Dihydropyrimidinuria,ISA,C0029595,Other disorders of purine and pyrimidine metabolism,1.00
C3539916,"MYOCLONUS, FAMILIAL CORTICAL",COEXISTS_WITH,C0012634,Disease,0.85
C3540512,Circumferential Supracrestal Fiberotomy,TREATS,C0012634,Disease,0.95
C3540852,"Rickets, X-Linked Hypophosphatemic",ISA,C0221468,Vitamin D-dependent rickets,1.00
C3554639,Severe cognitive impairment,COEXISTS_WITH,C0012634,Disease,0.96
C3658302,Stevens-Johnson Syndrome Toxic Epidermal Necrolysis Spectrum,ISA,C0037277,"Skin Diseases, Genetic",1.00
C3687832,Drugs,TREATS,C0012634,Disease,0.93
C3698507,Post-traumatic Porencephaly,ISA,C0085584,Encephalopathies,1.00
C3714534,dowling-degos disease,ISA,C0375489,Other dyschromia,1.00
C3811918,GRN-related frontotemporal dementia,MANIFESTATION_OF,C0012634,Disease,0.90
C3816499,Pathogenic,COEXISTS_WITH,C0012634,Disease,0.93
C3816499,Pathogenic,COEXISTS_WITH,C0162534,Prion Diseases,0.93
C4048196,beta-Mannosidosis,ISA,C0085078,Lysosomal Storage Diseases,1.00
